A,Y,W,Z,day_of_week,month
13.2,16.342857142857145,14.0,16.599999999999998,4,1
16.599999999999998,15.610714285714286,13.2,29.3,5,1
29.3,16.339285714285715,16.599999999999998,11.0,6,1
11.0,17.625,29.3,12.475,0,1
12.475,18.075,11.0,17.8,1,1
17.8,17.560714285714287,12.475,23.0,2,1
23.0,14.717857142857143,17.8,16.35,3,1
16.35,14.815,23.0,13.0,4,1
13.0,15.125714285714286,16.35,9.4,5,1
9.4,14.297142857142859,13.0,11.68,6,1
11.68,13.637142857142859,9.4,14.65,0,1
14.65,13.415714285714285,11.68,12.0,1,1
12.0,14.065714285714288,14.65,18.380000000000003,2,1
18.380000000000003,15.768571428571429,12.0,14.8,3,1
14.8,19.192857142857147,18.380000000000003,17.55,4,1
17.55,19.678571428571427,14.8,21.32,5,1
21.32,19.995714285714286,17.55,35.650000000000006,6,1
35.650000000000006,19.905714285714286,21.32,18.05,0,1
18.05,19.005714285714284,35.650000000000006,14.219999999999999,1,1
14.219999999999999,18.455714285714286,18.05,17.75,2,1
17.75,18.481428571428573,14.219999999999999,8.5,3,1
8.5,17.474285714285713,17.75,13.7,4,1
13.7,18.405238095238097,8.5,21.5,5,1
21.5,18.48809523809524,13.7,28.6,6,1
28.6,17.35952380952381,21.5,24.566666666666666,0,1
24.566666666666666,17.445238095238096,28.6,14.8,1,1
14.8,16.066666666666666,24.566666666666666,9.850000000000001,2,1
9.850000000000001,14.573809523809524,14.8,9.1,3,1
9.1,12.682380952380951,9.850000000000001,4.05,4,2
4.05,10.272857142857143,9.1,11.05,5,2
11.05,11.015714285714285,4.05,15.36,6,2
15.36,13.30142857142857,11.05,7.7,0,2
7.7,15.587142857142856,15.36,20.0,1,2
20.0,17.622857142857143,7.7,25.85,2,2
25.85,17.144285714285715,20.0,25.1,3,2
25.1,15.564285714285715,25.85,18.299999999999997,4,2
18.299999999999997,15.771428571428572,25.1,7.7,5,2
7.7,13.911428571428571,18.299999999999997,4.300000000000001,6,2
4.300000000000001,11.704285714285716,7.7,9.15,0,2
9.15,10.040000000000001,4.300000000000001,6.9799999999999995,1,2
6.9799999999999995,9.788571428571428,9.15,10.4,2,2
10.4,9.752857142857142,6.9799999999999995,13.45,3,2
13.45,9.802857142857144,10.4,16.54,4,2
16.54,11.138571428571428,13.45,7.45,5,2
7.45,12.570000000000002,16.54,4.65,6,2
4.65,12.712857142857143,7.45,18.5,0,2
18.5,12.29142857142857,4.65,17.0,1,2
17.0,11.314285714285715,18.5,11.4,2,2
11.4,12.092857142857143,17.0,10.5,3,2
10.5,13.36,11.4,9.7,4,2
9.7,13.152857142857142,10.5,12.9,5,2
12.9,11.974285714285713,9.7,13.52,6,2
13.52,11.594285714285716,12.9,17.05,0,2
17.05,12.658571428571431,13.52,8.75,1,2
8.75,13.301428571428572,17.05,8.74,2,2
8.74,12.553809523809523,8.75,17.95,3,2
17.95,12.036666666666665,8.74,14.2,4,3
14.2,11.243809523809526,17.95,7.666666666666667,5,3
7.666666666666667,12.191428571428572,14.2,9.899999999999999,6,3
9.899999999999999,13.685714285714285,7.666666666666667,11.5,0,3
11.5,14.078571428571427,9.899999999999999,15.383333333333333,1,3
15.383333333333333,13.101428571428572,11.5,19.200000000000003,2,3
19.200000000000003,12.756190476190477,15.383333333333333,20.7,3,3
20.7,12.77761904761905,19.200000000000003,7.359999999999999,4,3
7.359999999999999,13.92047619047619,20.7,5.25,5,3
5.25,13.70142857142857,7.359999999999999,10.05,6,3
10.05,14.694285714285714,5.25,19.5,0,3
19.5,15.60142857142857,10.05,13.850000000000001,1,3
13.850000000000001,16.75,19.5,26.15,2,3
26.15,17.514285714285712,13.850000000000001,27.05,3,3
27.05,16.845238095238095,26.15,15.4,4,3
15.4,15.766666666666667,27.05,10.600000000000001,5,3
10.600000000000001,14.645238095238097,15.4,5.366666666666667,6,3
5.366666666666667,12.464285714285714,10.600000000000001,11.95,0,3
11.95,9.485714285714286,5.366666666666667,6.0,1,3
6.0,8.642857142857142,11.95,10.883333333333333,2,3
10.883333333333333,8.630952380952381,6.0,6.2,3,3
6.2,9.892857142857142,10.883333333333333,9.5,4,3
9.5,9.25,6.2,10.516666666666667,5,3
10.516666666666667,9.652857142857144,9.5,14.2,6,3
14.2,9.49095238095238,10.516666666666667,7.45,0,3
7.45,10.940952380952382,14.2,8.82,1,3
8.82,11.387380952380953,7.45,9.75,2,3
9.75,11.56357142857143,8.82,16.35,3,3
16.35,10.799285714285714,9.75,12.625,4,3
12.625,11.649285714285714,16.35,11.75,5,3
11.75,11.75357142857143,12.625,8.85,6,3
8.85,11.303571428571429,11.75,13.4,0,4
13.4,10.203571428571427,8.85,9.55,1,4
9.55,9.62142857142857,13.4,6.6,2,4
6.6,8.985714285714286,9.55,8.65,3,4
8.65,9.564285714285715,6.6,8.55,4,4
8.55,9.15,8.65,7.300000000000001,5,4
7.300000000000001,9.392857142857142,8.55,12.9,6,4
12.9,9.892857142857142,7.300000000000001,10.5,0,4
10.5,10.564285714285715,12.9,11.25,1,4
11.25,10.207142857142857,10.5,10.1,2,4
10.1,10.46904761904762,11.25,13.350000000000001,3,4
13.350000000000001,10.026190476190477,10.1,6.05,4,4
6.05,11.583333333333334,13.350000000000001,9.133333333333333,5,4
9.133333333333333,13.970476190476191,6.05,9.8,6,4
9.8,15.570476190476189,9.133333333333333,21.4,0,4
21.4,16.527619047619048,9.8,27.96,1,4
27.96,17.40904761904762,21.4,21.3,2,4
21.3,17.047142857142855,27.96,20.05,3,4
20.05,16.804285714285715,21.3,12.219999999999999,4,4
12.219999999999999,14.604285714285712,20.05,6.6,5,4
6.6,11.595714285714285,12.219999999999999,8.1,6,4
8.1,9.838571428571429,6.6,6.0,0,4
6.0,8.642857142857142,8.1,6.9,1,4
6.9,8.454285714285714,6.0,9.0,2,4
9.0,9.061428571428571,6.9,11.68,3,4
11.68,8.835238095238095,9.0,10.9,4,4
10.9,9.349523809523808,11.68,10.85,5,4
10.85,9.728095238095237,10.9,6.516666666666667,6,4
6.516666666666667,11.278095238095236,10.85,9.6,0,4
9.6,10.78809523809524,6.516666666666667,9.55,1,4
9.55,10.288095238095238,9.6,19.85,2,5
19.85,9.842857142857143,9.55,8.25,3,5
8.25,10.276190476190477,19.85,7.4,4,5
7.4,10.576190476190476,8.25,7.733333333333333,5,5
7.733333333333333,10.70047619047619,7.4,9.55,6,5
9.55,8.60047619047619,7.733333333333333,11.7,0,5
11.7,8.479047619047618,9.55,10.42,1,5
10.42,8.439047619047619,11.7,5.15,2,5
5.15,8.777142857142858,10.42,7.4,3,5
7.4,9.34142857142857,5.15,7.12,4,5
7.12,8.564285714285715,7.4,10.100000000000001,5,5
10.100000000000001,8.082857142857142,7.12,13.5,6,5
13.5,9.497142857142858,10.100000000000001,6.26,0,5
6.26,10.873333333333335,13.5,7.050000000000001,1,5
7.050000000000001,10.306190476190476,6.26,15.05,2,5
15.05,9.94904761904762,7.050000000000001,17.033333333333335,3,5
17.033333333333335,9.101428571428572,15.05,3.15,4,5
3.15,9.035714285714286,17.033333333333335,7.6,5,5
7.6,8.935714285714287,3.15,7.566666666666666,6,5
7.566666666666666,8.505714285714285,7.6,5.8,0,5
5.8,9.158095238095239,7.566666666666666,6.35,1,5
6.35,9.936666666666667,5.8,12.040000000000001,2,5
12.040000000000001,11.068095238095239,6.35,21.6,3,5
21.6,12.894285714285715,12.040000000000001,8.600000000000001,4,5
8.600000000000001,14.022857142857145,21.6,15.52,5,5
15.52,15.772857142857143,8.600000000000001,20.35,6,5
20.35,15.652857142857144,15.52,13.7,0,5
13.7,14.617142857142857,20.35,18.6,1,5
18.6,15.719523809523809,13.7,11.2,2,5
11.2,15.545238095238094,18.6,14.350000000000001,3,5
14.350000000000001,13.330952380952382,11.2,16.316666666666666,4,5
16.316666666666666,12.883333333333335,14.350000000000001,14.3,5,6
14.3,12.633333333333335,16.316666666666666,4.85,6,6
4.85,12.76904761904762,14.3,10.566666666666666,0,6
10.566666666666666,11.407142857142857,4.85,16.85,1,6
16.85,10.01904761904762,10.566666666666666,12.15,2,6
12.15,13.11904761904762,16.85,4.816666666666666,3,6
4.816666666666666,15.685714285714285,12.15,6.6,4,6
6.6,19.29047619047619,4.816666666666666,36.0,5,6
36.0,21.01904761904762,6.6,22.816666666666666,6,6
22.816666666666666,20.8,36.0,35.8,0,6
35.8,20.776190476190475,22.816666666666666,28.950000000000003,1,6
28.950000000000003,21.254761904761903,35.8,10.616666666666665,2,6
10.616666666666665,17.933333333333334,28.950000000000003,4.65,3,6
4.65,16.45952380952381,10.616666666666665,9.95,4,6
9.95,13.388095238095238,4.65,12.75,5,6
12.75,11.518095238095238,9.95,12.5,6,6
12.5,12.20857142857143,12.75,14.3,0,6
14.3,13.33,12.5,15.86,1,6
15.86,14.537142857142856,14.3,15.45,2,6
15.45,15.215714285714284,15.86,12.5,3,6
12.5,17.830000000000002,15.45,18.400000000000002,4,6
18.400000000000002,21.070476190476192,12.5,17.5,5,6
17.5,24.097619047619045,18.400000000000002,30.799999999999997,6,6
30.799999999999997,24.811904761904763,17.5,36.983333333333334,0,6
36.983333333333334,25.245238095238097,30.799999999999997,37.05,1,6
37.05,24.188095238095237,36.983333333333334,20.45,2,6
20.45,24.730952380952377,37.05,15.533333333333333,3,6
15.533333333333333,23.46904761904762,20.45,11.0,4,6
11.0,24.092857142857138,15.533333333333333,21.299999999999997,5,6
21.299999999999997,25.107142857142858,11.0,21.96666666666667,6,6
21.96666666666667,25.804761904761904,21.299999999999997,41.349999999999994,0,7
41.349999999999994,25.307142857142853,21.96666666666667,44.15,1,7
44.15,28.692857142857143,41.349999999999994,25.333333333333332,2,7
25.333333333333332,38.68095238095238,44.15,12.05,3,7
12.05,47.214285714285715,25.333333333333332,34.7,4,7
34.7,47.54285714285714,12.05,91.21666666666665,5,7
91.21666666666665,43.76142857142857,34.7,81.69999999999999,6,7
81.69999999999999,40.642380952380954,91.21666666666665,43.65,0,7
43.65,40.18523809523809,81.69999999999999,17.68,1,7
17.68,36.792380952380945,43.65,3.5,2,7
3.5,25.368571428571425,17.68,8.85,3,7
8.85,16.632857142857144,3.5,10.950000000000001,4,7
10.950000000000001,12.72095238095238,8.85,11.25,5,7
11.25,12.495238095238095,10.950000000000001,20.55,6,7
20.55,18.38809523809524,11.25,16.266666666666666,0,7
16.266666666666666,24.91190476190476,20.55,16.1,1,7
16.1,26.6547619047619,16.266666666666666,44.75,2,7
44.75,28.14761904761904,16.1,54.51666666666666,3,7
54.51666666666666,28.25,44.75,23.15,4,7
23.15,28.726190476190474,54.51666666666666,21.7,5,7
21.7,28.083333333333332,23.15,21.266666666666666,6,7
21.266666666666666,22.395238095238092,21.7,19.6,0,7
19.6,15.37857142857143,21.266666666666666,11.6,1,7
11.6,13.864285714285714,19.6,4.933333333333334,2,7
4.933333333333334,14.385714285714284,11.6,5.4,3,7
5.4,15.576190476190476,4.933333333333334,12.55,4,7
12.55,15.147619047619047,5.4,25.349999999999998,5,7
25.349999999999998,15.261904761904761,12.55,29.6,6,7
29.6,17.15714285714286,25.349999999999998,16.6,0,7
16.6,20.228571428571428,29.6,12.4,1,7
12.4,21.526190476190475,16.6,18.2,2,7
18.2,22.01904761904762,12.4,26.9,3,8
26.9,21.761904761904763,18.2,21.633333333333336,4,8
21.633333333333336,20.49047619047619,26.9,28.8,5,8
28.8,19.26904761904762,21.633333333333336,27.8,6,8
27.8,17.36904761904762,28.8,7.7,0,8
7.7,14.299999999999999,27.8,3.8499999999999996,1,8
3.8499999999999996,12.738095238095239,7.7,4.9,2,8
4.9,10.83095238095238,3.8499999999999996,5.416666666666667,3,8
5.416666666666667,11.147619047619047,4.9,10.7,4,8
10.7,15.89047619047619,5.416666666666667,15.45,5,8
15.45,20.690476190476193,10.7,30.016666666666666,6,8
30.016666666666666,21.461904761904766,15.45,40.9,0,8
40.9,23.073809523809526,30.016666666666666,37.45,1,8
37.45,24.109523809523807,40.9,10.3,2,8
10.3,24.72857142857143,37.45,16.7,3,8
16.7,23.46190476190476,10.3,17.95,4,8
17.95,20.676190476190477,16.7,19.783333333333335,5,8
19.783333333333335,16.933333333333334,17.95,21.15,6,8
21.15,17.376190476190477,19.783333333333335,21.4,0,8
21.4,17.91904761904762,21.15,11.25,1,8
11.25,17.051904761904762,21.4,13.4,2,8
13.4,15.718571428571428,11.25,20.5,3,8
20.5,14.797142857142855,13.4,11.88,4,8
11.88,14.016190476190475,20.5,10.45,5,8
10.45,13.809047619047618,11.88,14.7,6,8
14.7,12.694761904761904,10.45,15.933333333333332,0,8
15.933333333333332,10.354285714285714,14.7,9.8,1,8
9.8,9.799999999999999,15.933333333333332,5.6,2,8
5.6,8.835714285714285,9.8,4.116666666666666,3,8
4.116666666666666,7.409999999999999,5.6,8.0,4,8
8.0,7.41952380952381,4.116666666666666,3.7,5,8
3.7,9.16952380952381,8.0,4.720000000000001,6,9
4.720000000000001,9.455238095238096,3.7,16.0,0,9
16.0,9.702857142857143,4.720000000000001,22.05,1,9
22.05,10.031428571428572,16.0,7.6000000000000005,2,9
7.6000000000000005,10.998095238095237,22.05,5.85,3,9
5.85,12.752380952380951,7.6000000000000005,10.3,4,9
10.3,12.316666666666666,5.85,10.466666666666667,5,9
10.466666666666667,10.623809523809525,10.3,17.0,6,9
17.0,10.195238095238095,10.466666666666667,12.95,0,9
12.95,11.545238095238094,17.0,10.2,1,9
10.2,12.676190476190476,12.95,4.6,2,9
4.6,13.409523809523808,10.2,15.3,3,9
15.3,13.002380952380951,4.6,18.21666666666667,4,9
18.21666666666667,12.792857142857143,15.3,15.6,5,9
15.6,12.87142857142857,18.21666666666667,14.149999999999999,6,9
14.149999999999999,14.085714285714285,15.6,11.483333333333334,0,9
11.483333333333334,13.435714285714285,14.149999999999999,10.75,1,9
10.75,12.154761904761903,11.483333333333334,13.1,2,9
13.1,10.661904761904763,10.75,10.75,3,9
10.75,9.666666666666668,13.1,9.25,4,9
9.25,9.061904761904762,10.75,5.15,5,9
5.15,8.833333333333332,9.25,7.183333333333334,6,9
7.183333333333334,8.08095238095238,5.15,7.25,0,9
7.25,7.302380952380951,7.183333333333334,9.15,1,9
9.15,7.245238095238095,7.25,7.833333333333333,2,9
7.833333333333333,7.988095238095238,9.15,5.3,3,9
5.3,8.197619047619048,7.833333333333333,8.850000000000001,4,9
8.850000000000001,9.447619047619048,5.3,10.35,5,9
10.35,12.392857142857142,8.850000000000001,8.65,6,9
8.65,15.916666666666668,10.35,16.0,0,9
16.0,17.673809523809524,8.65,29.766666666666666,1,10
29.766666666666666,18.857142857142858,16.0,32.5,2,10
32.5,17.985714285714288,29.766666666666666,17.6,3,10
17.6,17.95714285714286,32.5,17.133333333333333,4,10
17.133333333333333,16.58095238095238,17.6,4.25,5,10
4.25,13.435714285714285,17.133333333333333,8.45,6,10
8.45,9.592857142857143,4.25,6.366666666666667,0,10
6.366666666666667,7.685714285714285,8.45,7.75,1,10
7.75,5.652380952380952,6.366666666666667,5.6,2,10
5.6,5.945238095238095,7.75,4.25,3,10
4.25,5.3952380952380965,5.6,2.9,4,10
2.9,5.307142857142857,4.25,6.3,5,10
6.3,4.521428571428571,2.9,4.6000000000000005,6,10
4.6000000000000005,5.002380952380952,6.3,5.75,0,10
5.75,5.838095238095238,4.6000000000000005,2.25,1,10
2.25,7.50952380952381,5.75,8.966666666666667,2,10
8.966666666666667,7.854761904761905,2.25,10.100000000000001,3,10
10.100000000000001,8.426190476190476,8.966666666666667,14.6,4,10
14.6,8.976190476190476,10.100000000000001,8.716666666666667,5,10
8.716666666666667,10.803333333333333,14.6,8.6,6,10
8.6,10.543809523809525,8.716666666666667,9.6,0,10
9.6,11.22952380952381,8.6,15.040000000000001,1,10
15.040000000000001,10.255238095238097,9.6,7.15,2,10
7.15,10.709999999999999,15.040000000000001,14.899999999999999,3,10
14.899999999999999,10.995714285714286,7.15,7.779999999999999,4,10
7.779999999999999,10.921428571428573,14.899999999999999,11.899999999999999,5,10
11.899999999999999,9.929999999999998,7.779999999999999,10.6,6,10
10.6,10.094285714285714,11.899999999999999,9.08,0,10
9.08,9.794285714285715,10.6,8.1,1,10
8.1,10.804285714285713,9.08,8.3,2,10
8.3,11.26142857142857,8.1,12.8,3,10
12.8,12.247142857142856,8.3,14.850000000000001,4,11
14.850000000000001,13.021428571428572,12.8,15.1,5,11
15.1,12.821428571428571,14.850000000000001,17.5,6,11
17.5,12.692857142857145,15.1,14.5,0,11
14.5,13.37857142857143,17.5,6.7,1,11
6.7,14.057142857142859,14.5,7.4,2,11
7.4,13.402857142857144,6.7,17.6,3,11
17.6,12.367142857142856,7.4,19.6,4,11
19.6,11.867142857142856,17.6,10.52,5,11
10.52,12.272857142857145,19.6,10.25,6,11
10.25,14.087142857142856,10.52,11.0,0,11
11.0,14.165714285714285,10.25,9.54,1,11
9.54,13.263333333333334,11.0,20.1,2,11
20.1,12.31047619047619,9.54,18.15,3,11
18.15,11.58904761904762,20.1,13.283333333333333,4,11
13.283333333333333,12.21047619047619,18.15,3.8499999999999996,5,11
3.8499999999999996,14.519047619047617,13.283333333333333,5.2,6,11
5.2,16.14761904761905,3.8499999999999996,15.35,0,11
15.35,15.438095238095238,5.2,25.7,1,11
25.7,14.283333333333333,15.35,31.5,2,11
31.5,16.576190476190476,25.7,13.183333333333332,3,11
13.183333333333332,20.552380952380954,31.5,5.199999999999999,4,11
5.199999999999999,19.873809523809523,13.183333333333332,19.9,5,11
19.9,17.145238095238096,5.199999999999999,33.03333333333333,6,11
33.03333333333333,14.152380952380952,19.9,10.600000000000001,0,11
10.600000000000001,14.697619047619046,33.03333333333333,6.6,1,11
6.6,15.819047619047618,10.600000000000001,10.549999999999999,2,11
10.549999999999999,13.49047619047619,6.6,17.0,3,11
17.0,10.664285714285715,10.549999999999999,13.05,4,11
13.05,9.85,17.0,3.6,5,11
3.6,10.664285714285713,13.05,13.25,6,12
13.25,11.228571428571428,3.6,4.9,0,12
4.9,11.421428571428573,13.25,12.299999999999999,1,12
12.299999999999999,14.007142857142858,4.9,14.5,2,12
14.5,17.45,12.299999999999999,18.35,3,12
18.35,16.82857142857143,14.5,31.150000000000002,4,12
31.150000000000002,20.764285714285716,18.35,27.700000000000003,5,12
27.700000000000003,21.485714285714288,31.150000000000002,8.9,6,12
8.9,20.942857142857143,27.700000000000003,32.449999999999996,0,12
32.449999999999996,21.08809523809524,8.9,17.35,1,12
17.35,17.466666666666665,32.449999999999996,10.7,2,12
10.7,15.059523809523808,17.35,19.366666666666667,3,12
19.366666666666667,14.825238095238095,10.7,5.800000000000001,4,12
5.800000000000001,11.13952380952381,19.366666666666667,10.85,5,12
10.85,10.868095238095238,5.800000000000001,7.26,6,12
7.26,12.17047619047619,10.85,6.65,0,12
6.65,10.43952380952381,7.26,15.45,1,12
15.45,11.268095238095238,6.65,19.816666666666666,2,12
19.816666666666666,11.02047619047619,15.45,7.25,3,12
7.25,11.233333333333333,19.816666666666666,11.6,4,12
11.6,11.533333333333333,7.25,9.116666666666665,5,12
9.116666666666665,10.006190476190474,11.6,8.75,6,12
8.75,7.746666666666667,9.116666666666665,8.75,0,12
8.75,8.918095238095237,8.75,4.76,1,12
4.76,10.094285714285714,8.75,4.0,2,12
4.0,11.527619047619046,4.76,15.45,3,12
15.45,12.813333333333333,4.0,19.833333333333332,4,12
19.833333333333332,15.656190476190476,15.45,19.15,5,12
